approach,precision,recall,storage,preparationTime,predictionTime
Pinto-KNN,0.9419480924895053,0.8506160462554766,474784731,0.4978806518283403,0.0007685978220528688
FLAST-k3-sigma0.5,0.902570397533086,0.9088053867324835,19796475,0.40377400832857774,0.0002980988205670024
FLAST-k3-sigma0.95,0.9632078558945664,0.811726212060421,19796475,0.42762308032572555,0.00030766180571766173
FLAST-k7-sigma0.5,0.8929466597264389,0.9168179021839292,19796475,0.39407729261531055,0.0003659743387724683
FLAST-k7-sigma0.95,0.9832009547884871,0.7116013462140275,19796475,0.3892538640965278,0.00037093954112323984
